[{
		"defaultLimit": 0,
		"defaultPriority": -100,
		"isOptional": false,
		"name": "Nach0SlabVanillaLogTaiga-Nach0SlabMakerJob",
		"requires": [{
				"amount": 1,
				"type": "logtaiga"
			},
		],
		"results": [{
				"amount": 2,
				"type": "Nach0SlabVanillaLogTaiga"
			}
		]
	},{
		"defaultLimit": 0,
		"defaultPriority": -100,
		"isOptional": false,
		"name": "Nach0SlabVanillalumberarea-Nach0SlabMakerJob",
		"requires": [{
				"amount": 1,
				"type": "Nach0LumberArea"
			},
		],
		"results": [{
				"amount": 2,
				"type": "Nach0SlabVanillalumberarea"
			}
		]
	},
	{
		"defaultLimit": 0,
		"defaultPriority": -100,
		"isOptional": false,
		"name": "Nach0SlabVanillaLogTemperate-Nach0SlabMakerJob",
		"requires": [{
				"amount": 1,
				"type": "logtemperate"
			},
		],
		"results": [{
				"amount": 2,
				"type": "Nach0SlabVanillaLogTemperate"
			}
		]
	},
	{
		"defaultLimit": 0,
		"defaultPriority": -100,
		"isOptional": false,
		"name": "Nach0SlabVanillaPlanks-Nach0SlabMakerJob",
		"requires": [{
				"amount": 1,
				"type": "planks"
			},
		],
		"results": [{
				"amount": 2,
				"type": "Nach0SlabVanillaPlanks"
			}
		]
	},
	{
		"defaultLimit": 0,
		"defaultPriority": -100,
		"isOptional": false,
		"name": "Nach0SlabVanillaClay-Nach0SlabMakerJob",
		"requires": [{
				"amount": 1,
				"type": "clay"
			},
		],
		"results": [{
				"amount": 2,
				"type": "Nach0SlabVanillaClay"
			}
		]
	},
	{
		"defaultLimit": 0,
		"defaultPriority": -100,
		"isOptional": false,
		"name": "Nach0SlabVanillaAdobe-Nach0SlabMakerJob",
		"requires": [{
				"amount": 1,
				"type": "adobe"
			},
		],
		"results": [{
				"amount": 2,
				"type": "Nach0SlabVanillaAdobe"
			}
		]
	},
	{
		"defaultLimit": 0,
		"defaultPriority": -100,
		"isOptional": false,
		"name": "Nach0SlabVanillaCherryBlossom-Nach0SlabMakerJob",
		"requires": [{
				"amount": 1,
				"type": "cherryblossom"
			},
		],
		"results": [{
				"amount": 2,
				"type": "Nach0SlabVanillaCherryBlossom"
			}
		]
	},
	{
		"defaultLimit": 0,
		"defaultPriority": -100,
		"isOptional": false,
		"name": "Nach0SlabVanillaDarkStone-Nach0SlabMakerJob",
		"requires": [{
				"amount": 1,
				"type": "darkstone"
			},
		],
		"results": [{
				"amount": 2,
				"type": "Nach0SlabVanillaDarkStone"
			}
		]
	},
	{
		"defaultLimit": 0,
		"defaultPriority": -100,
		"isOptional": false,
		"name": "Nach0SlabVanillaDirt-Nach0SlabMakerJob",
		"requires": [{
				"amount": 1,
				"type": "dirt"
			},
		],
		"results": [{
				"amount": 2,
				"type": "Nach0SlabVanillaDirt"
			}
		]
	},
	{
		"defaultLimit": 0,
		"defaultPriority": -100,
		"isOptional": false,
		"name": "Nach0SlabVanillaIronBlock-Nach0SlabMakerJob",
		"requires": [{
				"amount": 1,
				"type": "ironblock"
			},
		],
		"results": [{
				"amount": 2,
				"type": "Nach0SlabVanillaIronBlock"
			}
		]
	},
	{
		"defaultLimit": 0,
		"defaultPriority": -100,
		"isOptional": false,
		"name": "Nach0SlabVanillaPlasterBlock-Nach0SlabMakerJob",
		"requires": [{
				"amount": 1,
				"type": "plasterblock"
			},
		],
		"results": [{
				"amount": 2,
				"type": "Nach0SlabVanillaPlasterBlock"
			}
		]
	},
	{
		"defaultLimit": 0,
		"defaultPriority": -100,
		"isOptional": false,
		"name": "Nach0SlabVanillaSand-Nach0SlabMakerJob",
		"requires": [{
				"amount": 1,
				"type": "sand"
			},
		],
		"results": [{
				"amount": 2,
				"type": "Nach0SlabVanillaSand"
			}
		]
	},
	{
		"defaultLimit": 0,
		"defaultPriority": -100,
		"isOptional": false,
		"name": "Nach0SlabVanillaSnow-Nach0SlabMakerJob",
		"requires": [{
				"amount": 1,
				"type": "snow"
			},
		],
		"results": [{
				"amount": 2,
				"type": "Nach0SlabVanillaSnow"
			}
		]
	},
	{
		"defaultLimit": 0,
		"defaultPriority": -100,
		"isOptional": false,
		"name": "Nach0SlabVanillaStoneBlock-Nach0SlabMakerJob",
		"requires": [{
				"amount": 1,
				"type": "stoneblock"
			},
		],
		"results": [{
				"amount": 2,
				"type": "Nach0SlabVanillaStoneBlock"
			}
		]
	},
	{
		"defaultLimit": 0,
		"defaultPriority": -100,
		"isOptional": false,
		"name": "Nach0SlabVanillaStraw-Nach0SlabMakerJob",
		"requires": [{
				"amount": 1,
				"type": "straw"
			},
		],
		"results": [{
				"amount": 2,
				"type": "Nach0SlabVanillaStraw"
			}
		]
	},
	{
		"defaultLimit": 0,
		"defaultPriority": -100,
		"isOptional": false,
		"name": "Nach0SlabVanillaStoneBricks-Nach0SlabMakerJob",
		"requires": [{
				"amount": 1,
				"type": "stonebricks"
			},
		],
		"results": [{
				"amount": 2,
				"type": "Nach0SlabVanillaStoneBricks"
			}
		]
	},
	{
		"defaultLimit": 0,
		"defaultPriority": -100,
		"isOptional": false,
		"name": "Nach0SlabVanillaBricks-Nach0SlabMakerJob",
		"requires": [{
				"amount": 1,
				"type": "bricks"
			},
		],
		"results": [{
				"amount": 2,
				"type": "Nach0SlabVanillaBricks"
			}
		]
	},
	{
		"defaultLimit": 0,
		"defaultPriority": -100,
		"isOptional": false,
		"name": "Nach0SlabVanillaGrassRainforest-Nach0SlabMakerJob",
		"requires": [{
				"amount": 1,
				"type": "grassrainforest"
			},
		],
		"results": [{
				"amount": 2,
				"type": "Nach0SlabVanillaGrassRainforest"
			}
		]
	},
	{
		"defaultLimit": 0,
		"defaultPriority": -100,
		"isOptional": false,
		"name": "Nach0SlabVanillaGrassSavana-Nach0SlabMakerJob",
		"requires": [{
				"amount": 1,
				"type": "grasssavanna"
			},
		],
		"results": [{
				"amount": 2,
				"type": "Nach0SlabVanillaGrassSavana"
			}
		]
	},
	{
		"defaultLimit": 0,
		"defaultPriority": -100,
		"isOptional": false,
		"name": "Nach0SlabVanillaGrassTaiga-Nach0SlabMakerJob",
		"requires": [{
				"amount": 1,
				"type": "grasstaiga"
			},
		],
		"results": [{
				"amount": 2,
				"type": "Nach0SlabVanillaGrassTaiga"
			}
		]
	},
	{
		"defaultLimit": 0,
		"defaultPriority": -100,
		"isOptional": false,
		"name": "Nach0SlabVanillaGrassTemperate-Nach0SlabMakerJob",
		"requires": [{
				"amount": 1,
				"type": "grasstemperate"
			},
		],
		"results": [{
				"amount": 2,
				"type": "Nach0SlabVanillaGrassTemperate"
			}
		]
	},
	{
		"defaultLimit": 0,
		"defaultPriority": -100,
		"isOptional": false,
		"name": "Nach0SlabVanillaGrassTundra-Nach0SlabMakerJob",
		"requires": [{
				"amount": 1,
				"type": "grasstundra"
			},
		],
		"results": [{
				"amount": 2,
				"type": "Nach0SlabVanillaGrassTundra"
			}
		]
	},
	{
		"defaultLimit": 0,
		"defaultPriority": -100,
		"isOptional": false,
		"name": "Nach0SlabVanillaLeavesTaiga-Nach0SlabMakerJob",
		"requires": [{
				"amount": 1,
				"type": "leavestaiga"
			},
		],
		"results": [{
				"amount": 2,
				"type": "Nach0SlabVanillaLeavesTaiga"
			}
		]
	},
	{
		"defaultLimit": 0,
		"defaultPriority": -100,
		"isOptional": false,
		"name": "Nach0SlabVanillaLeavesTemperate-Nach0SlabMakerJob",
		"requires": [{
				"amount": 1,
				"type": "leavestemperate"
			},
		],
		"results": [{
				"amount": 2,
				"type": "Nach0SlabVanillaLeavesTemperate"
			}
		]
	},
	{
		"defaultLimit": 0,
		"defaultPriority": -100,
		"isOptional": false,
		"name": "Nach0SlabVanillaCoatedBlackPlanks-Nach0SlabMakerJob",
		"requires": [{
				"amount": 1,
				"type": "blackplanks"
			},
		],
		"results": [{
				"amount": 2,
				"type": "Nach0SlabVanillaCoatedBlackPlanks"
			}
		]
	},
	{
		"defaultLimit": 0,
		"defaultPriority": -100,
		"isOptional": false,
		"name": "Nach0SlabVanillaCoatedPlanks-Nach0SlabMakerJob",
		"requires": [{
				"amount": 1,
				"type": "coatedplanks"
			},
		],
		"results": [{
				"amount": 2,
				"type": "Nach0SlabVanillaCoatedPlanks"
			}
		]
	},
	{
		"defaultLimit": 0,
		"defaultPriority": -100,
		"isOptional": false,
		"name": "Nach0SlabVanillaCoatedRedPlanks-Nach0SlabMakerJob",
		"requires": [{
				"amount": 1,
				"type": "redplanks"
			},
		],
		"results": [{
				"amount": 2,
				"type": "Nach0SlabVanillaCoatedRedPlanks"
			}
		]
	},
	{
		"defaultLimit": 0,
		"defaultPriority": -100,
		"isOptional": false,
		"name": "Nach0SlabVanillaCoatedRedPlanks-Nach0SlabMakerJob",
		"requires": [{
				"amount": 1,
				"type": "redplanks"
			},
		],
		"results": [{
				"amount": 2,
				"type": "Nach0SlabVanillaCoatedRedPlanks"
			}
		]
	}
]
]