[{
		"defaultLimit": 0,
		"defaultPriority": -100,
		"isOptional": false,
		"name": "Nach0SlabMaker-pipliz.crafter",
		"requires": [{
			"amount": 1,
			"type": "stonemasonworkbench"
		}],
		"results": [{
			"amount": 1,
			"type": "Nach0SlabMaker"
		}]
	},
	{
		"defaultLimit": 0,
		"defaultPriority": -100,
		"isOptional": false,
		"name": "Nach0StairMaker-pipliz.crafter",
		"requires": [{
			"amount": 1,
			"type": "stonemasonworkbench"
		}],
		"results": [{
			"amount": 1,
			"type": "Nach0StairMaker"
		}]
	},
	{
		"defaultLimit": 0,
		"defaultPriority": -100,
		"isOptional": false,
		"name": "Nach0QuarterBlockMaker-pipliz.crafter",
		"requires": [{
			"amount": 1,
			"type": "stonemasonworkbench"
		}],
		"results": [{
			"amount": 1,
			"type": "Nach0QuarterBlockMaker"
		}]
	}
]